phase,event_index,plan_epoch,robot_id,robot_type,t_start,t_end,action,task_name,from_x,from_y,to_x,to_y,status
initial_plan,0,0,0,1,0.0,13.0,idle,,26,17,26,17,planned_static
initial_plan,0,0,1,1,0.0,13.0,idle,,11,33,11,33,planned_static
initial_plan,0,0,2,1,0.0,13.0,idle,,38,13,38,13,planned_static
initial_plan,0,0,3,1,0.0,13.0,idle,,38,33,38,33,planned_static
initial_plan,0,0,4,1,0.0,13.0,idle,,0,4,0,4,planned_static
initial_plan,0,0,5,2,0.0,13.0,idle,,1,34,1,34,planned_static
initial_plan,0,0,6,2,0.0,13.0,idle,,32,32,32,32,planned_static
initial_plan,0,0,7,2,0.0,13.0,idle,,38,27,38,27,planned_static
initial_plan,0,0,8,2,0.0,13.0,idle,,32,27,32,27,planned_static
initial_plan,0,0,9,2,0.0,13.0,idle,,38,38,38,38,planned_static
initial_plan,0,0,10,3,0.0,13.0,idle,,3,26,3,26,planned_static
initial_plan,0,0,11,3,0.0,13.0,move,p9,24,16,31,10,planned_static
initial_plan,0,0,12,3,0.0,9.0,move,p9,34,18,33,10,planned_static
initial_plan,0,0,12,3,9.0,13.0,idle,p9,33,10,33,10,planned_static
initial_plan,0,0,13,3,0.0,3.0,move,p9,33,13,33,10,planned_static
initial_plan,0,0,13,3,3.0,13.0,idle,p9,33,10,33,10,planned_static
initial_plan,0,0,14,3,0.0,13.0,idle,,18,23,18,23,planned_static
initial_plan,0,0,15,4,0.0,13.0,idle,,36,10,36,10,planned_static
initial_plan,0,0,16,4,0.0,13.0,idle,,36,31,36,31,planned_static
initial_plan,0,0,17,4,0.0,13.0,idle,,18,39,18,39,planned_static
initial_plan,0,0,18,4,0.0,13.0,idle,,27,3,27,3,planned_static
initial_plan,0,0,19,4,0.0,13.0,idle,,8,31,8,31,planned_static
initial_plan,0,0,20,5,0.0,13.0,idle,,6,39,6,39,planned_static
initial_plan,0,0,21,5,0.0,13.0,idle,,29,32,29,32,planned_static
initial_plan,0,0,22,5,0.0,13.0,idle,,12,28,12,28,planned_static
initial_plan,0,0,23,5,0.0,13.0,idle,,17,20,17,20,planned_static
initial_plan,0,0,24,5,0.0,13.0,idle,,30,4,30,4,planned_static
initial_plan,0,0,0,1,0.0,1.0,move,p7,26,17,26,16,planned_static
initial_plan,0,0,0,1,13.0,14.0,idle,p7,26,16,26,16,planned_static
initial_plan,0,0,1,1,13.0,14.0,idle,,11,33,11,33,planned_static
initial_plan,0,0,2,1,0.0,7.0,move,p7,38,13,34,16,planned_static
initial_plan,0,0,2,1,13.0,14.0,idle,p7,34,16,34,16,planned_static
initial_plan,0,0,3,1,0.0,14.0,move,p7,38,33,34,23,planned_static
initial_plan,0,0,4,1,13.0,14.0,idle,,0,4,0,4,planned_static
initial_plan,0,0,5,2,13.0,14.0,idle,,1,34,1,34,planned_static
initial_plan,0,0,6,2,13.0,14.0,idle,,32,32,32,32,planned_static
initial_plan,0,0,7,2,13.0,14.0,idle,,38,27,38,27,planned_static
initial_plan,0,0,8,2,13.0,14.0,idle,,32,27,32,27,planned_static
initial_plan,0,0,9,2,13.0,14.0,idle,,38,38,38,38,planned_static
initial_plan,0,0,10,3,13.0,14.0,idle,,3,26,3,26,planned_static
initial_plan,0,0,11,3,13.0,14.0,idle,,31,10,31,10,planned_static
initial_plan,0,0,12,3,13.0,14.0,idle,,33,10,33,10,planned_static
initial_plan,0,0,13,3,13.0,14.0,idle,,33,10,33,10,planned_static
initial_plan,0,0,14,3,13.0,14.0,idle,,18,23,18,23,planned_static
initial_plan,0,0,15,4,13.0,14.0,idle,,36,10,36,10,planned_static
initial_plan,0,0,16,4,13.0,14.0,idle,,36,31,36,31,planned_static
initial_plan,0,0,17,4,13.0,14.0,idle,,18,39,18,39,planned_static
initial_plan,0,0,18,4,13.0,14.0,idle,,27,3,27,3,planned_static
initial_plan,0,0,19,4,13.0,14.0,idle,,8,31,8,31,planned_static
initial_plan,0,0,20,5,13.0,14.0,idle,,6,39,6,39,planned_static
initial_plan,0,0,21,5,13.0,14.0,idle,,29,32,29,32,planned_static
initial_plan,0,0,22,5,13.0,14.0,idle,,12,28,12,28,planned_static
initial_plan,0,0,23,5,13.0,14.0,idle,,17,20,17,20,planned_static
initial_plan,0,0,24,5,13.0,14.0,idle,,30,4,30,4,planned_static
initial_plan,0,0,0,1,14.0,20.0,idle,,26,16,26,16,planned_static
initial_plan,0,0,1,1,14.0,20.0,idle,,11,33,11,33,planned_static
initial_plan,0,0,2,1,14.0,20.0,idle,,34,16,34,16,planned_static
initial_plan,0,0,3,1,14.0,20.0,idle,,34,23,34,23,planned_static
initial_plan,0,0,4,1,14.0,20.0,idle,,0,4,0,4,planned_static
initial_plan,0,0,5,2,0.0,10.0,move,p2,1,34,11,34,planned_static
initial_plan,0,0,5,2,14.0,20.0,idle,p2,11,34,11,34,planned_static
initial_plan,0,0,6,2,14.0,20.0,idle,,32,32,32,32,planned_static
initial_plan,0,0,7,2,0.0,16.0,move,p2,38,27,24,29,planned_static
initial_plan,0,0,7,2,16.0,20.0,idle,p2,24,29,24,29,planned_static
initial_plan,0,0,8,2,0.0,10.0,move,p2,32,27,24,29,planned_static
initial_plan,0,0,8,2,14.0,20.0,idle,p2,24,29,24,29,planned_static
initial_plan,0,0,9,2,0.0,20.0,move,p2,38,38,24,34,planned_static
initial_plan,0,0,10,3,14.0,20.0,idle,,3,26,3,26,planned_static
initial_plan,0,0,11,3,14.0,20.0,idle,,31,10,31,10,planned_static
initial_plan,0,0,12,3,14.0,20.0,idle,,33,10,33,10,planned_static
initial_plan,0,0,13,3,14.0,20.0,idle,,33,10,33,10,planned_static
initial_plan,0,0,14,3,14.0,20.0,idle,,18,23,18,23,planned_static
initial_plan,0,0,15,4,14.0,20.0,idle,,36,10,36,10,planned_static
initial_plan,0,0,16,4,14.0,20.0,idle,,36,31,36,31,planned_static
initial_plan,0,0,17,4,14.0,20.0,idle,,18,39,18,39,planned_static
initial_plan,0,0,18,4,14.0,20.0,idle,,27,3,27,3,planned_static
initial_plan,0,0,19,4,14.0,20.0,idle,,8,31,8,31,planned_static
initial_plan,0,0,20,5,14.0,20.0,idle,,6,39,6,39,planned_static
initial_plan,0,0,21,5,14.0,20.0,idle,,29,32,29,32,planned_static
initial_plan,0,0,22,5,14.0,20.0,idle,,12,28,12,28,planned_static
initial_plan,0,0,23,5,14.0,20.0,idle,,17,20,17,20,planned_static
initial_plan,0,0,24,5,14.0,20.0,idle,,30,4,30,4,planned_static
initial_plan,0,0,0,1,20.0,38.0,idle,,26,16,26,16,planned_static
initial_plan,0,0,1,1,20.0,38.0,idle,,11,33,11,33,planned_static
initial_plan,0,0,2,1,20.0,38.0,idle,,34,16,34,16,planned_static
initial_plan,0,0,3,1,20.0,38.0,idle,,34,23,34,23,planned_static
initial_plan,0,0,4,1,20.0,38.0,idle,,0,4,0,4,planned_static
initial_plan,0,0,5,2,20.0,38.0,idle,,11,34,11,34,planned_static
initial_plan,0,0,6,2,20.0,38.0,idle,,32,32,32,32,planned_static
initial_plan,0,0,7,2,20.0,38.0,idle,,24,29,24,29,planned_static
initial_plan,0,0,8,2,20.0,38.0,idle,,24,29,24,29,planned_static
initial_plan,0,0,9,2,20.0,38.0,idle,,24,34,24,34,planned_static
initial_plan,0,0,10,3,0.0,5.0,move,p6,3,26,2,22,planned_static
initial_plan,0,0,10,3,20.0,38.0,idle,p6,2,22,2,22,planned_static
initial_plan,0,0,11,3,13.0,36.0,move,p6,31,10,14,16,planned_static
initial_plan,0,0,11,3,36.0,38.0,idle,p6,14,16,14,16,planned_static
initial_plan,0,0,12,3,13.0,38.0,move,p6,33,10,14,16,planned_static
initial_plan,0,0,13,3,20.0,38.0,idle,,33,10,33,10,planned_static
initial_plan,0,0,14,3,0.0,5.0,move,p6,18,23,14,22,planned_static
initial_plan,0,0,14,3,20.0,38.0,idle,p6,14,22,14,22,planned_static
initial_plan,0,0,15,4,20.0,38.0,idle,,36,10,36,10,planned_static
initial_plan,0,0,16,4,20.0,38.0,idle,,36,31,36,31,planned_static
initial_plan,0,0,17,4,20.0,38.0,idle,,18,39,18,39,planned_static
initial_plan,0,0,18,4,20.0,38.0,idle,,27,3,27,3,planned_static
initial_plan,0,0,19,4,20.0,38.0,idle,,8,31,8,31,planned_static
initial_plan,0,0,20,5,20.0,38.0,idle,,6,39,6,39,planned_static
initial_plan,0,0,21,5,20.0,38.0,idle,,29,32,29,32,planned_static
initial_plan,0,0,22,5,20.0,38.0,idle,,12,28,12,28,planned_static
initial_plan,0,0,23,5,20.0,38.0,idle,,17,20,17,20,planned_static
initial_plan,0,0,24,5,20.0,38.0,idle,,30,4,30,4,planned_static
initial_plan,0,0,20,5,0.0,28.0,move,p5,6,39,5,12,planned_static
initial_plan,0,0,22,5,0.0,22.0,move,p5,12,28,6,12,planned_static
initial_plan,0,0,23,5,0.0,19.0,move,p5,17,20,6,12,planned_static
initial_plan,0,0,24,5,0.0,28.0,move,p5,30,4,6,6,planned_static
initial_plan,0,0,0,1,14.0,47.0,move,p1,26,16,6,29,planned_static
initial_plan,0,0,1,1,0.0,5.0,move,p1,11,33,6,33,planned_static
initial_plan,0,0,1,1,38.0,47.0,idle,p1,6,33,6,33,planned_static
initial_plan,0,0,2,1,38.0,47.0,idle,,34,16,34,16,planned_static
initial_plan,0,0,3,1,38.0,47.0,idle,,34,23,34,23,planned_static
initial_plan,0,0,4,1,0.0,26.0,move,p1,0,4,1,29,planned_static
initial_plan,0,0,4,1,38.0,47.0,idle,p1,1,29,1,29,planned_static
initial_plan,0,0,5,2,38.0,47.0,idle,,11,34,11,34,planned_static
initial_plan,0,0,6,2,38.0,47.0,idle,,32,32,32,32,planned_static
initial_plan,0,0,7,2,38.0,47.0,idle,,24,29,24,29,planned_static
initial_plan,0,0,8,2,38.0,47.0,idle,,24,29,24,29,planned_static
initial_plan,0,0,9,2,38.0,47.0,idle,,24,34,24,34,planned_static
initial_plan,0,0,10,3,38.0,47.0,idle,,2,22,2,22,planned_static
initial_plan,0,0,11,3,38.0,47.0,idle,,14,16,14,16,planned_static
initial_plan,0,0,12,3,38.0,47.0,idle,,14,16,14,16,planned_static
initial_plan,0,0,13,3,38.0,47.0,idle,,33,10,33,10,planned_static
initial_plan,0,0,14,3,38.0,47.0,idle,,14,22,14,22,planned_static
initial_plan,0,0,15,4,38.0,47.0,idle,,36,10,36,10,planned_static
initial_plan,0,0,16,4,38.0,47.0,idle,,36,31,36,31,planned_static
initial_plan,0,0,17,4,38.0,47.0,idle,,18,39,18,39,planned_static
initial_plan,0,0,18,4,38.0,47.0,idle,,27,3,27,3,planned_static
initial_plan,0,0,19,4,38.0,47.0,idle,,8,31,8,31,planned_static
initial_plan,0,0,20,5,38.0,47.0,idle,,5,12,5,12,planned_static
initial_plan,0,0,21,5,38.0,47.0,idle,,29,32,29,32,planned_static
initial_plan,0,0,22,5,38.0,47.0,idle,,6,12,6,12,planned_static
initial_plan,0,0,23,5,38.0,47.0,idle,,6,12,6,12,planned_static
initial_plan,0,0,24,5,38.0,47.0,idle,,6,6,6,6,planned_static
event,1,0,0,1,15.0,15.0,failed,,26,16,26,16,remove
event,2,1,20,5,15.0,15.0,failed,,6,39,6,39,remove
after_event,2,2,1,1,15.0,19.0,idle,,11,33,11,33,planned_after_replan
after_event,2,2,2,1,15.0,19.0,idle,,34,16,34,16,planned_after_replan
after_event,2,2,3,1,15.0,19.0,idle,,34,23,34,23,planned_after_replan
after_event,2,2,4,1,15.0,19.0,idle,,0,4,0,4,planned_after_replan
after_event,2,2,5,2,15.0,19.0,idle,p2,11,34,11,34,planned_after_replan
after_event,2,2,6,2,15.0,19.0,idle,,32,32,32,32,planned_after_replan
after_event,2,2,7,2,15.0,19.0,idle,p2,24,28,24,28,planned_after_replan
after_event,2,2,8,2,15.0,19.0,idle,p2,24,29,24,29,planned_after_replan
after_event,2,2,9,2,15.0,19.0,move,p2,27,35,24,34,planned_after_replan
after_event,2,2,10,3,15.0,19.0,idle,,3,26,3,26,planned_after_replan
after_event,2,2,11,3,15.0,19.0,idle,,31,10,31,10,planned_after_replan
after_event,2,2,12,3,15.0,19.0,idle,,33,10,33,10,planned_after_replan
after_event,2,2,13,3,15.0,19.0,idle,,33,10,33,10,planned_after_replan
after_event,2,2,14,3,15.0,19.0,idle,,18,23,18,23,planned_after_replan
after_event,2,2,15,4,15.0,19.0,idle,,36,10,36,10,planned_after_replan
after_event,2,2,16,4,15.0,19.0,idle,,36,31,36,31,planned_after_replan
after_event,2,2,17,4,15.0,19.0,idle,,18,39,18,39,planned_after_replan
after_event,2,2,18,4,15.0,19.0,idle,,27,3,27,3,planned_after_replan
after_event,2,2,19,4,15.0,19.0,idle,,8,31,8,31,planned_after_replan
after_event,2,2,21,5,15.0,19.0,idle,,29,32,29,32,planned_after_replan
after_event,2,2,22,5,15.0,19.0,idle,,12,28,12,28,planned_after_replan
after_event,2,2,23,5,15.0,19.0,idle,,17,20,17,20,planned_after_replan
after_event,2,2,24,5,15.0,19.0,idle,,30,4,30,4,planned_after_replan
after_event,2,2,1,1,19.0,40.0,idle,,11,33,11,33,planned_after_replan
after_event,2,2,2,1,19.0,40.0,idle,,34,16,34,16,planned_after_replan
after_event,2,2,3,1,19.0,40.0,idle,,34,23,34,23,planned_after_replan
after_event,2,2,4,1,19.0,40.0,idle,,0,4,0,4,planned_after_replan
after_event,2,2,5,2,19.0,40.0,idle,,11,34,11,34,planned_after_replan
after_event,2,2,6,2,19.0,40.0,idle,,32,32,32,32,planned_after_replan
after_event,2,2,7,2,19.0,40.0,idle,,24,28,24,28,planned_after_replan
after_event,2,2,8,2,19.0,40.0,idle,,24,29,24,29,planned_after_replan
after_event,2,2,9,2,19.0,40.0,idle,,24,34,24,34,planned_after_replan
after_event,2,2,10,3,15.0,20.0,move,p6,3,26,2,22,planned_after_replan
after_event,2,2,10,3,20.0,40.0,idle,p6,2,22,2,22,planned_after_replan
after_event,2,2,11,3,15.0,38.0,move,p6,31,10,14,16,planned_after_replan
after_event,2,2,11,3,38.0,40.0,idle,p6,14,16,14,16,planned_after_replan
after_event,2,2,12,3,15.0,40.0,move,p6,33,10,14,16,planned_after_replan
after_event,2,2,13,3,19.0,40.0,idle,,33,10,33,10,planned_after_replan
after_event,2,2,14,3,15.0,20.0,move,p6,18,23,14,22,planned_after_replan
after_event,2,2,14,3,20.0,40.0,idle,p6,14,22,14,22,planned_after_replan
after_event,2,2,15,4,19.0,40.0,idle,,36,10,36,10,planned_after_replan
after_event,2,2,16,4,19.0,40.0,idle,,36,31,36,31,planned_after_replan
after_event,2,2,17,4,19.0,40.0,idle,,18,39,18,39,planned_after_replan
after_event,2,2,18,4,19.0,40.0,idle,,27,3,27,3,planned_after_replan
after_event,2,2,19,4,19.0,40.0,idle,,8,31,8,31,planned_after_replan
after_event,2,2,21,5,19.0,40.0,idle,,29,32,29,32,planned_after_replan
after_event,2,2,22,5,19.0,40.0,idle,,12,28,12,28,planned_after_replan
after_event,2,2,23,5,19.0,40.0,idle,,17,20,17,20,planned_after_replan
after_event,2,2,24,5,19.0,40.0,idle,,30,4,30,4,planned_after_replan
after_event,2,2,1,1,15.0,20.0,move,p1,11,33,6,33,planned_after_replan
after_event,2,2,1,1,40.0,49.0,idle,p1,6,33,6,33,planned_after_replan
after_event,2,2,2,1,40.0,49.0,idle,,34,16,34,16,planned_after_replan
after_event,2,2,3,1,15.0,49.0,move,p1,34,23,6,29,planned_after_replan
after_event,2,2,4,1,15.0,41.0,move,p1,0,4,1,29,planned_after_replan
after_event,2,2,4,1,41.0,49.0,idle,p1,1,29,1,29,planned_after_replan
after_event,2,2,5,2,40.0,49.0,idle,,11,34,11,34,planned_after_replan
after_event,2,2,6,2,40.0,49.0,idle,,32,32,32,32,planned_after_replan
after_event,2,2,7,2,40.0,49.0,idle,,24,28,24,28,planned_after_replan
after_event,2,2,8,2,40.0,49.0,idle,,24,29,24,29,planned_after_replan
after_event,2,2,9,2,40.0,49.0,idle,,24,34,24,34,planned_after_replan
after_event,2,2,10,3,40.0,49.0,idle,,2,22,2,22,planned_after_replan
after_event,2,2,11,3,40.0,49.0,idle,,14,16,14,16,planned_after_replan
after_event,2,2,12,3,40.0,49.0,idle,,14,16,14,16,planned_after_replan
after_event,2,2,13,3,40.0,49.0,idle,,33,10,33,10,planned_after_replan
after_event,2,2,14,3,40.0,49.0,idle,,14,22,14,22,planned_after_replan
after_event,2,2,15,4,40.0,49.0,idle,,36,10,36,10,planned_after_replan
after_event,2,2,16,4,40.0,49.0,idle,,36,31,36,31,planned_after_replan
after_event,2,2,17,4,40.0,49.0,idle,,18,39,18,39,planned_after_replan
after_event,2,2,18,4,40.0,49.0,idle,,27,3,27,3,planned_after_replan
after_event,2,2,19,4,40.0,49.0,idle,,8,31,8,31,planned_after_replan
after_event,2,2,21,5,40.0,49.0,idle,,29,32,29,32,planned_after_replan
after_event,2,2,22,5,40.0,49.0,idle,,12,28,12,28,planned_after_replan
after_event,2,2,23,5,40.0,49.0,idle,,17,20,17,20,planned_after_replan
after_event,2,2,24,5,40.0,49.0,idle,,30,4,30,4,planned_after_replan
after_event,2,2,1,1,49.0,62.0,idle,,6,33,6,33,planned_after_replan
after_event,2,2,2,1,49.0,62.0,idle,,34,16,34,16,planned_after_replan
after_event,2,2,3,1,49.0,62.0,idle,,6,29,6,29,planned_after_replan
after_event,2,2,4,1,49.0,62.0,idle,,1,29,1,29,planned_after_replan
after_event,2,2,5,2,49.0,62.0,idle,,11,34,11,34,planned_after_replan
after_event,2,2,6,2,49.0,62.0,idle,,32,32,32,32,planned_after_replan
after_event,2,2,7,2,49.0,62.0,idle,,24,28,24,28,planned_after_replan
after_event,2,2,8,2,49.0,62.0,idle,,24,29,24,29,planned_after_replan
after_event,2,2,9,2,49.0,62.0,idle,,24,34,24,34,planned_after_replan
after_event,2,2,10,3,49.0,62.0,idle,,2,22,2,22,planned_after_replan
after_event,2,2,11,3,49.0,62.0,idle,,14,16,14,16,planned_after_replan
after_event,2,2,12,3,49.0,62.0,idle,,14,16,14,16,planned_after_replan
after_event,2,2,13,3,49.0,62.0,idle,,33,10,33,10,planned_after_replan
after_event,2,2,14,3,49.0,62.0,idle,,14,22,14,22,planned_after_replan
after_event,2,2,15,4,49.0,62.0,idle,,36,10,36,10,planned_after_replan
after_event,2,2,16,4,49.0,62.0,idle,,36,31,36,31,planned_after_replan
after_event,2,2,17,4,49.0,62.0,idle,,18,39,18,39,planned_after_replan
after_event,2,2,18,4,49.0,62.0,idle,,27,3,27,3,planned_after_replan
after_event,2,2,19,4,49.0,62.0,idle,,8,31,8,31,planned_after_replan
after_event,2,2,21,5,15.0,62.0,move,p5,29,32,6,12,planned_after_replan
after_event,2,2,22,5,15.0,37.0,move,p5,12,28,6,12,planned_after_replan
after_event,2,2,22,5,49.0,62.0,idle,p5,6,12,6,12,planned_after_replan
after_event,2,2,23,5,15.0,34.0,move,p5,17,20,6,12,planned_after_replan
after_event,2,2,23,5,49.0,62.0,idle,p5,6,12,6,12,planned_after_replan
after_event,2,2,24,5,15.0,43.0,move,p5,30,4,6,6,planned_after_replan
after_event,2,2,24,5,49.0,62.0,idle,p5,6,6,6,6,planned_after_replan
